model,static_f1w,temporal_f1w,delta_f1w,static_class2_recall,temporal_class2_recall,delta_class2_recall
XGB,0.7424588926948427,0.7396812760840321,-0.0027776166108105516,0.5833333333333334,0.3333333333333333,-0.25000000000000006
RF,0.714824386240539,0.7299693097383103,0.015144923497771301,0.5833333333333334,0.5,-0.08333333333333337
LR,0.32745050299152556,0.5559304973924915,0.2284799944009659,0.9166666666666666,0.9166666666666666,0.0
